"","Model","RMSE","R2"
"1","Linear Regression",0.840809138800396,0.573760118966378
"2","Decision Tree",1.25920400578082,0.0440142288649348
"3","Random Forest",0.906879985497113,0.504140235645046
"4","XGBoost",1.07035911043437,0.309254196705135
